timestamp_iso	method	path	status	response_bytes
2026-09-30T16:52:37+08:00	PATCH	/api/sessions/151	200	27
2026-09-30T16:52:38+08:00	POST	/api/agent/runs	201	935
2026-09-30T16:52:41+08:00	GET	/api/agent/runs/355fbca5-9d0e-4611-b0df-f44a09ee62de/events	200	5848
2026-09-30T16:52:41+08:00	GET	/api/sessions/151	200	1096
2026-09-30T16:56:49+08:00	POST	/api/agent/runs	201	931
2026-09-30T16:56:53+08:00	GET	/api/cv/data	200	24338
2026-09-30T16:57:18+08:00	GET	/api/agent/runs/8c09f68a-e3cd-4f4e-a617-95bb59f4de61/events	200	13699
2026-09-30T16:57:18+08:00	GET	/api/cv/drafts	200	12386
2026-09-30T16:57:27+08:00	GET	/api/sessions/151	200	4029
2026-09-30T16:59:31+08:00	GET	/agent	200	5690
2026-09-30T16:59:32+08:00	GET	/api/agent/runs/8c09f68a-e3cd-4f4e-a617-95bb59f4de61/events	200	8910
2026-09-30T16:59:35+08:00	GET	/api/sessions/151	200	4029
2026-09-30T16:59:35+08:00	GET	/api/cv/data	200	24338
2026-09-30T16:59:35+08:00	GET	/api/cv/drafts	200	12386
2026-09-30T16:59:54+08:00	GET	/api/sessions/150	200	2547
2026-09-30T16:59:54+08:00	GET	/api/agent/runs/8c09f68a-e3cd-4f4e-a617-95bb59f4de61/events	200	1296
2026-09-30T17:00:16+08:00	GET	/agent	304	0
2026-09-30T17:00:19+08:00	GET	/api/cv/data	200	24338
2026-09-30T17:00:19+08:00	GET	/api/cv/drafts	200	12386
2026-09-30T17:00:20+08:00	GET	/api/sessions/151	200	4029
2026-09-30T17:00:20+08:00	GET	/api/sessions/150	200	2547
